text,year_found
Skip to main content,
Today's Hours: 9 A.M. - 5 P.M.,
Purchase Tickets,
Upcoming Events,
About Us,
Donate,
Become a Member,
Visit,
Plan your visit,
"Reserve your tickets, book a special experience, map your route, and work out all the details for your trip to Cooperstown.",
Special Experiences,
Events Calendar,
Hall of Fame Military Classic,
Hall of Fame Weekend,
Group Visits & Private Events,
The Museum,
Discover one-of-a-kind artifacts and get lost in sweeping exhibitions that explore pivotal moments in the game and its impact far beyond the field.,
Education,
Collections,
Library & Research Center,
The Black Baseball Initiative,
YAKYU | BASEBALL - NOW OPEN,
STEELE INTERNSHIP PROGRAM,
Hall of Fame,
Hall of Famers,
Learn more about the legends who are honored in the Hall of Fame Plaque Gallery.,
Hall of Fame Explorer,
Future Eligibles,
Election Rules,
AWARDS,
Our Stories,
Discover History,
News,
Card Corner,
THE ROAD TO COOPERSTOWN PODCAST,
Hall of Fame Magazine,
SIGN UP FOR OUR EMAIL NEWSLETTER,
Join & Preserve Ways to Give Show your love of the game and be part of preserving baseball history. Off Become a Member Corporate Support DONATE NOW,
Join & Preserve,
Ways to Give,
Show your love of the game and be part of preserving baseball history.,
Corporate Support,
DONATE NOW,
Shop,
Tickets,
FUTURE ELIGIBLES,
Home,
Dates for future Hall of Fame Induction Ceremonies include:,
"2026 : Sunday, July 26",2026
"2027 : Sunday, July 25",2027
"2028 : Sunday, August 6",2028
"2029 : Sunday, July 29",2029
"2030 : Sunday, July 28",2030
"2031 : Sunday, July 27",2031
2027 ELIGIBLES,2027
JAKE ARRIETA,
JAY BRUCE,
ASDRÚBAL CABRERA,
STARLIN CASTRO,
WADE DAVIS,
DEXTER FOWLER,
TODD FRAZIER,
BRETT GARDNER,
J.A. HAPP,
SCOTT KAZMIR,
JON LESTER,
ANDREW MILLER,
MITCH MORELAND,
BUSTER POSEY,
ERVIN SANTANA,
KYLE SEAGER,
JOAKIM SORIA,
RYAN ZIMMERMAN,
JORDAN ZIMMERMANN,
2028 ELIGIBLES,2028
ZACK BRITTON,
LORENZO CAIN,
ROBINSON CANÓ,
GREG HOLLAND,
BROCK HOLT,
MARK MELANCON,
YADIER MOLINA,
DARREN O'DAY,
DAVID PRICE,
ALBERT PUJOLS,
ANÍBAL SÁNCHEZ,
ANDRELTON SIMMONS,
STEPHEN STRASBURG,
KURT SUZUKI,
JUSTIN UPTON,
STEPHEN VOGT,
2029 ELIGIBLES,2029
ELVIS ANDRUS,
BRANDON BELT,
MICHAEL BRANTLEY,
MADISON BUMGARNER,
MIGUEL CABRERA,
NELSON CRUZ,
JOSH DONALDSON,
ZACK GREINKE,
JOSH HARRISON,
ERIC HOSMER,
COREY KLUBER,
EVAN LONGORIA,
MIKE MOUSTAKAS,
WIL MYERS,
JEAN SEGURA,
JOEY VOTTO,
ADAM WAINWRIGHT,
2030 ELIGIBLES,2030
CHARLIE BLACKMON,
MATT CARPENTER,
BRANDON CRAWFORD,
LANCE LYNN,
DAVID PERALTA,
ANTHONY RIZZO,
2031 ELIGIBLES,2031
JASON HEYWARD,
CLAYTON KERSHAW,
CHARLIE MORTON,
DAVID ROBERTSON,
BBWAA ELECTION RULES,
READ MORE,
ERA COMMITTEES ELECTION RULES,
BBWAA ELECTION RULES HISTORY,
® I LOVE NEW YORK is a registered trademark and service mark of the New York State Department of Economic Development; used with permission.,
Support provided by Market New York through I LOVE NY/ New York State’s Division of Tourism as a part of the Regional Economic Development Council awards.,
info@baseballhall.org,
Footer Menu,
Careers,
Ways To Support,
Media Info,
Privacy Policy,
Terms,
ADMISSION POLICY,
mailto:info@baseballhall.org,
https://www.x.com/baseballhall,
https://www.facebook.com/baseballhall/,
https://www.instagram.com/baseballhall,
https://www.youtube.com/baseballhall,
https://www.tiktok.com/@baseballhall?lang=en,
Sign up for our newsletter,
